model,split,accuracy,precision,recall,f1,roc_auc
lr_unweighted,test,0.8,0.6,0.25,0.35294117647058826,0.6298449612403101
lr_balanced,test,0.6545454545454545,0.3157894736842105,0.5,0.3870967741935484,0.624031007751938
rf,test,0.7636363636363637,0.3333333333333333,0.08333333333333333,0.13333333333333333,0.7558139534883721
