model,split,accuracy,precision,recall,f1,roc_auc
lr_unweighted,val,0.8148148148148148,0.6666666666666666,0.18181818181818182,0.2857142857142857,0.6448202959830867
lr_balanced,val,0.6296296296296297,0.2857142857142857,0.5454545454545454,0.375,0.6575052854122622
rf,val,0.7962962962962963,0.5,0.18181818181818182,0.26666666666666666,0.7505285412262156
