model,split,accuracy,precision,recall,f1,roc_auc
rf,test,0.7636363636363637,0.3333333333333333,0.08333333333333333,0.13333333333333333,0.7558139534883721
