model,split,accuracy,precision,recall,f1,roc_auc
lr_balanced,val,0.6296296296296297,0.2857142857142857,0.5454545454545454,0.375,0.6575052854122622
