model,split,accuracy,precision,recall,f1,roc_auc
lr_balanced,test,0.6545454545454545,0.3157894736842105,0.5,0.3870967741935484,0.624031007751938
