model,split,accuracy,precision,recall,f1,roc_auc
lr_unweighted,val,0.8148148148148148,0.6666666666666666,0.18181818181818182,0.2857142857142857,0.6448202959830867
