model,split,accuracy,precision,recall,f1,roc_auc
rf,val,0.7962962962962963,0.5,0.18181818181818182,0.26666666666666666,0.7505285412262156
