patient_id,true_label,pred_label,pred_prob
1207947,1,0,0.0867628752052805
319150,1,0,0.08056521253749747
878765,1,0,0.21973572052256313
1122903,1,0,0.10880363701219127
1142915,0,1,0.674483551116439
1128835,1,0,0.07377672684902241
406008,0,1,0.5746298520642754
3015438,1,0,0.30738861655416533
3004284,1,0,0.08692623823824892
873255,1,0,0.32689405944086125
952641,1,0,0.1682143517557403
